{
  "success": true,
  "timestamp": 1697278803,
  "source": "AED",
  "quotes": {
    "AEDAFN": 20.623297,
    "AEDALL": 27.384652,
    "AEDAMD": 108.399198,
    "AEDANG": 0.490878,
    "AEDAOA": 224.75273,
    "AEDARS": 95.355248,
    "AEDAUD": 0.432967,
    "AEDAWG": 0.490057,
    "AEDAZN": 0.463913,
    "AEDBAM": 0.506467,
    "AEDBBD": 0.549946,
    "AEDBDT": 30.028598,
    "AEDBGN": 0.506531,
    "AEDBHD": 0.102676,
    "AEDBIF": 772.778038,
    "AEDBMD": 0.272254,
    "AEDBND": 0.373105,
    "AEDBOB": 1.882096,
    "AEDBRL": 1.383242,
    "AEDBSD": 0.27237,
    "AEDBTC": 1.012504e-05,
    "AEDBTN": 22.673767,
    "AEDBWP": 3.741404,
    "AEDBYN": 0.897207,
    "AEDBYR": 5336.177109,
    "AEDBZD": 0.549014,
    "AEDCAD": 0.37213,
    "AEDCDF": 687.441282,
    "AEDCHF": 0.24616,
    "AEDCLF": 0.009259,
    "AEDCLP": 255.48391,
    "AEDCNY": 1.988626,
    "AEDCOP": 1162.533492,
    "AEDCRC": 144.65311,
    "AEDCUC": 0.272254,
    "AEDCUP": 7.214729,
    "AEDCVE": 28.55384,
    "AEDCZK": 6.396635,
    "AEDDJF": 48.494787,
    "AEDDKK": 1.931764,
    "AEDDOP": 15.480421,
    "AEDDZD": 37.540017,
    "AEDEGP": 8.416242,
    "AEDERN": 4.083809,
    "AEDETB": 15.195051,
    "AEDEUR": 0.258927,
    "AEDFJD": 0.622604,
    "AEDFKP": 0.224327,
    "AEDGBP": 0.224558,
    "AEDGEL": 0.72829,
    "AEDGGP": 0.224327,
    "AEDGHS": 3.201738,
    "AEDGIP": 0.224327,
    "AEDGMD": 17.900802,
    "AEDGNF": 2338.895262,
    "AEDGTQ": 2.136132,
    "AEDGYD": 56.983382,
    "AEDHKD": 2.130374,
    "AEDHNL": 6.719145,
    "AEDHRK": 1.951777,
    "AEDHTG": 36.634578,
    "AEDHUF": 100.614269,
    "AEDIDR": 4275.203528,
    "AEDILS": 1.082732,
    "AEDIMP": 0.224327,
    "AEDINR": 22.673185,
    "AEDIQD": 357.075141,
    "AEDIRR": 11502.728814,
    "AEDISK": 37.89513,
    "AEDJEP": 0.224327,
    "AEDJMD": 42.274651,
    "AEDJOD": 0.193192,
    "AEDJPY": 40.718403,
    "AEDKES": 40.236664,
    "AEDKGS": 24.276988,
    "AEDKHR": 1124.648153,
    "AEDKMF": 127.101854,
    "AEDKPW": 245.04024,
    "AEDKRW": 368.37728,
    "AEDKWD": 0.08426,
    "AEDKYD": 0.226975,
    "AEDKZT": 129.871872,
    "AEDLAK": 5628.160941,
    "AEDLBP": 4093.739995,
    "AEDLKR": 88.252381,
    "AEDLRD": 50.870752,
    "AEDLSL": 5.164761,
    "AEDLTL": 0.803895,
    "AEDLVL": 0.164684,
    "AEDLYD": 1.327929,
    "AEDMAD": 2.780494,
    "AEDMDL": 4.923022,
    "AEDMGA": 1228.489717,
    "AEDMKD": 15.955606,
    "AEDMMK": 571.983155,
    "AEDMNT": 944.709342,
    "AEDMOP": 2.195304,
    "AEDMRO": 97.194608,
    "AEDMUR": 12.066397,
    "AEDMVR": 4.179201,
    "AEDMWK": 315.797472,
    "AEDMXN": 4.925429,
    "AEDMYR": 1.287354,
    "AEDMZN": 17.220048,
    "AEDNAD": 5.16476,
    "AEDNGN": 209.638354,
    "AEDNIO": 9.967236,
    "AEDNOK": 2.937703,
    "AEDNPR": 36.277995,
    "AEDNZD": 0.462388,
    "AEDOMR": 0.104851,
    "AEDPAB": 0.27237,
    "AEDPEN": 1.046236,
    "AEDPGK": 1.005787,
    "AEDPHP": 15.466611,
    "AEDPKR": 75.569183,
    "AEDPLN": 1.174327,
    "AEDPYG": 2000.69805,
    "AEDQAR": 0.991287,
    "AEDRON": 1.286292,
    "AEDRSD": 30.347632,
    "AEDRUB": 26.600214,
    "AEDRWF": 332.034046,
    "AEDSAR": 1.021333,
    "AEDSBD": 2.295932,
    "AEDSCR": 3.610786,
    "AEDSDG": 163.388783,
    "AEDSEK": 2.98172,
    "AEDSGD": 0.373125,
    "AEDSHP": 0.331265,
    "AEDSLE": 6.116167,
    "AEDSLL": 5377.015292,
    "AEDSOS": 155.457088,
    "AEDSRD": 10.41454,
    "AEDSTD": 5635.106758,
    "AEDSSP": 163.489483,
    "AEDSYP": 3539.783399,
    "AEDSZL": 5.172915,
    "AEDTHB": 9.883812,
    "AEDTJS": 2.991984,
    "AEDTMT": 0.952889,
    "AEDTND": 0.864816,
    "AEDTOP": 0.652634,
    "AEDTRY": 7.568878,
    "AEDTTD": 1.84895,
    "AEDTWD": 8.768837,
    "AEDTZS": 681.754822,
    "AEDUAH": 9.90475,
    "AEDUGX": 1021.324503,
    "AEDUSD": 0.272254,
    "AEDUYU": 10.826972,
    "AEDUZS": 3330.698722,
    "AEDVEF": 948809.45595,
    "AEDVES": 9.48982,
    "AEDVND": 6657.96996,
    "AEDVUV": 33.45104,
    "AEDWST": 0.7606,
    "AEDXAF": 169.86434,
    "AEDXAG": 0.011987,
    "AEDXAU": 0.000141,
    "AEDXCD": 0.73578,
    "AEDXDR": 0.207139,
    "AEDXOF": 169.86434,
    "AEDXPF": 30.956251,
    "AEDYER": 68.146138,
    "AEDZAR": 5.174813,
    "AEDZMK": 2450.613089,
    "AEDZMW": 5.808395,
    "AEDZWL": 87.665656
  }
}
